{
  "project_info": {
    "project_number": "970805726061",
    "project_id": "weather-vue-2ba6c",
    "storage_bucket": "weather-vue-2ba6c.appspot.com"
  },
  "client": [
    {
      "client_info": {
        "mobilesdk_app_id": "1:970805726061:android:15c57fd6949289f955e864",
        "android_client_info": {
          "package_name": "com.helenak_jennifers.weathervue"
        }
      },
      "oauth_client": [
        {
          "client_id": "970805726061-moljehtgsg3616v13b9um8hri763kl48.apps.googleusercontent.com",
          "client_type": 1,
          "android_info": {
            "package_name": "com.helenak_jennifers.weathervue",
            "certificate_hash": "8a2e771c5ac20723244ff6f8215c5fd0edd5f41c"
          }
        },
        {
          "client_id": "970805726061-hab0f4t3a09rhtve3mofa8ufrqeuim92.apps.googleusercontent.com",
          "client_type": 3
        }
      ],
      "api_key": [
        {
          "current_key": "AIzaSyDOUjWjfcPQpJ4_GVhq-Mjl85vrwHHtbTo"
        }
      ],
      "services": {
        "appinvite_service": {
          "other_platform_oauth_client": [
            {
              "client_id": "970805726061-hab0f4t3a09rhtve3mofa8ufrqeuim92.apps.googleusercontent.com",
              "client_type": 3
            }
          ]
        }
      }
    }
  ],
  "configuration_version": "1"
}